{"app_channel":"netease","app_ver":"3.3.15.268037","core_num":"8","cpu_digit":"64","cpu_hz":"1882000","cpu_name":"vendor Kirin810","device_height":"900","device_model":"HUAWEI MGA-AL00","device_width":"1600","disk":"","emulator":0,"first_udid":"e120d174f858f2f5","is_guest":0,"launcher_type":"PE_C++","mac_addr":"02:00:00:00:00:00","network":"CHANNEL_UNKNOW","os_name":"android","os_ver":"12","ram":"4131651584","rom":"134208294912","root":false,"sdk_ver":"5.2.0","start_type":"default","udid":"e120d174f858f2f5"}