{"os_name":"windows","os_ver":"Microsoft Windows 10 专业版","mac_addr":"B8975A4AD616","udid":"BFEBFBFF000306A9C78C00D8","app_ver":"1.14.6.45947","sdk_ver":"","network":"","disk":"C78C00D8","is64bit":"1","video_card1":"AMD Radeon HD 6450","video_card2":"","video_card3":"","video_card4":"","launcher_type":"PC_java","pay_channel":"4399pc","dotnet_ver":"4.8.0","cpu_type":"Intel(R) Xeon(R) CPU E3-1220 V2 @ 3.10GHz","ram_size":"8553332736","device_width":"1600","device_height":"900","os_detail":"10.0.19045"}