{"user_lists":[{"uid":"2468031708","overdue_time":1746304117,"max_num":2},{"uid":"2955045918","overdue_time":1747604886,"max_num":1},{"uid":"2898824612","overdue_time":1747607823,"max_num":2},{"uid":"2281835232","overdue_time":1745022982,"max_num":1},{"uid":"2572087683","overdue_time":1747622696,"max_num":1},{"uid":"2468031708","overdue_time":1746302555,"max_num":1},{"uid":"2955572777","overdue_time":1745708835,"max_num":1},{"uid":"2874181610","overdue_time":1747857768,"max_num":1},{"uid":"675491088","overdue_time":1747858678,"max_num":1},{"uid":"2635536405","overdue_time":1746224462,"max_num":1},{"uid":"2800865079","overdue_time":1746219210,"max_num":1},{"uid":"2942448631","overdue_time":1745700910,"max_num":1},{"uid":"2675359653","overdue_time":1745700982,"max_num":1},{"uid":"2954351468","overdue_time":1745703049,"max_num":1},{"uid":"2852203109","overdue_time":1748356486,"max_num":1}]}
